{
  "scene_name": "courtyard",
  "num_images": 38,
  "num_registered": 9,
  "num_sparse_points": 0,
  "num_dense_points": 2000000,
  "timing": {
    "features": 4.500226974487305,
    "matching": 677.2187550067902,
    "sfm": 3.6258370876312256,
    "dense": 714.199462890625,
    "total": 1403.77658700943
  },
  "ba_mean_reproj_error": 0.621429021031977,
  "pose_ate_rmse": 1.7047515389749104
}